algoritmo,n,agentes,iteraciones,semilla,L_mejor,tiempo_s,memoria_MB,tour_valido,origen
ACO,20,50,5,1,4.781840,0.005,4.5,SI,barrido
PSO,20,50,5,1,8.147223,0.002,4.5,SI,barrido
ACO,20,50,5,2,4.119845,0.005,4.5,SI,barrido
PSO,20,50,5,2,8.283997,0.002,4.5,SI,barrido
ACO,20,50,5,3,4.766172,0.005,4.5,SI,barrido
PSO,20,50,5,3,9.106117,0.003,4.5,SI,barrido
ACO,20,50,20,1,4.781840,0.012,4.5,SI,barrido
PSO,20,50,20,1,7.892190,0.007,4.5,SI,barrido
ACO,20,50,20,2,4.161430,0.014,4.5,SI,barrido
PSO,20,50,20,2,7.793116,0.006,4.5,SI,barrido
ACO,20,50,20,3,4.745714,0.012,4.5,SI,barrido
PSO,20,50,20,3,7.966573,0.006,4.5,SI,barrido
ACO,20,50,100,1,4.781840,0.055,4.5,SI,barrido
PSO,20,50,100,1,5.887510,0.026,4.5,SI,barrido
ACO,20,50,100,2,4.119845,0.057,4.5,SI,barrido
PSO,20,50,100,2,5.446786,0.024,4.5,SI,barrido
ACO,20,50,100,3,4.745714,0.057,4.5,SI,barrido
PSO,20,50,100,3,6.627193,0.025,4.5,SI,barrido
ACO,20,500,5,1,4.744834,0.006,4.5,SI,barrido
PSO,20,500,5,1,6.448701,0.003,4.6,SI,barrido
ACO,20,500,5,2,4.119845,0.006,4.5,SI,barrido
PSO,20,500,5,2,6.645190,0.003,4.6,SI,barrido
ACO,20,500,5,3,4.739595,0.006,4.5,SI,barrido
PSO,20,500,5,3,6.752732,0.003,4.6,SI,barrido
ACO,20,500,20,1,4.744834,0.016,4.5,SI,barrido
PSO,20,500,20,1,5.494309,0.008,4.6,SI,barrido
ACO,20,500,20,2,4.119845,0.017,4.5,SI,barrido
PSO,20,500,20,2,5.269448,0.009,4.6,SI,barrido
ACO,20,500,20,3,4.739595,0.018,4.5,SI,barrido
PSO,20,500,20,3,5.578977,0.008,4.6,SI,barrido
ACO,20,500,100,1,4.744834,0.080,4.5,SI,barrido
PSO,20,500,100,1,5.244762,0.031,4.6,SI,barrido
ACO,20,500,100,2,4.119845,0.081,4.5,SI,barrido
PSO,20,500,100,2,4.161430,0.032,4.6,SI,barrido
ACO,20,500,100,3,4.739595,0.086,4.5,SI,barrido
PSO,20,500,100,3,5.060858,0.034,4.6,SI,barrido
ACO,20,2048,5,1,4.744834,0.011,4.6,SI,barrido
PSO,20,2048,5,1,6.658330,0.007,5.0,SI,barrido
ACO,20,2048,5,2,4.119845,0.012,4.5,SI,barrido
PSO,20,2048,5,2,6.926521,0.004,5.0,SI,barrido
ACO,20,2048,5,3,4.739595,0.009,4.6,SI,barrido
PSO,20,2048,5,3,7.392919,0.004,5.0,SI,barrido
ACO,20,2048,20,1,4.744834,0.034,4.5,SI,barrido
PSO,20,2048,20,1,5.500873,0.013,5.0,SI,barrido
ACO,20,2048,20,2,4.119845,0.034,4.6,SI,barrido
PSO,20,2048,20,2,4.353139,0.014,5.0,SI,barrido
ACO,20,2048,20,3,4.739595,0.034,4.5,SI,barrido
PSO,20,2048,20,3,6.349769,0.016,5.0,SI,barrido
ACO,20,2048,100,1,4.744834,0.163,4.5,SI,barrido
PSO,20,2048,100,1,4.836642,0.067,5.0,SI,barrido
ACO,20,2048,100,2,4.119845,0.175,4.5,SI,barrido
PSO,20,2048,100,2,4.161430,0.063,5.0,SI,barrido
ACO,20,2048,100,3,4.739595,0.173,4.5,SI,barrido
PSO,20,2048,100,3,5.305359,0.071,5.0,SI,barrido
ACO,200,50,5,1,12.208397,0.012,4.7,SI,barrido
PSO,200,50,5,1,91.552112,0.005,4.6,SI,barrido
ACO,200,50,5,2,12.020106,0.013,4.6,SI,barrido
PSO,200,50,5,2,93.739588,0.005,4.6,SI,barrido
ACO,200,50,5,3,12.033749,0.012,4.6,SI,barrido
PSO,200,50,5,3,94.763274,0.005,4.6,SI,barrido
ACO,200,50,20,1,12.245478,0.016,4.6,SI,barrido
PSO,200,50,20,1,91.171064,0.008,4.6,SI,barrido
ACO,200,50,20,2,12.090871,0.015,4.6,SI,barrido
PSO,200,50,20,2,92.104386,0.008,4.6,SI,barrido
ACO,200,50,20,3,11.932977,0.016,4.6,SI,barrido
PSO,200,50,20,3,92.062477,0.008,4.6,SI,barrido
ACO,200,50,100,1,11.773149,0.071,4.6,SI,barrido
PSO,200,50,100,1,88.804703,0.031,4.6,SI,barrido
ACO,200,50,100,2,12.015425,0.072,4.6,SI,barrido
PSO,200,50,100,2,88.459273,0.031,4.7,SI,barrido
ACO,200,50,100,3,11.933069,0.071,4.6,SI,barrido
PSO,200,50,100,3,86.036411,0.030,4.6,SI,barrido
ACO,200,500,5,1,11.882700,0.012,4.6,SI,barrido
PSO,200,500,5,1,90.181611,0.006,5.7,SI,barrido
ACO,200,500,5,2,11.947445,0.013,4.6,SI,barrido
PSO,200,500,5,2,91.689409,0.006,5.7,SI,barrido
ACO,200,500,5,3,11.518756,0.014,4.6,SI,barrido
PSO,200,500,5,3,93.931312,0.006,5.7,SI,barrido
ACO,200,500,20,1,11.610328,0.044,4.7,SI,barrido
PSO,200,500,20,1,89.344395,0.019,5.7,SI,barrido
ACO,200,500,20,2,11.829176,0.044,4.6,SI,barrido
PSO,200,500,20,2,88.712666,0.019,5.7,SI,barrido
ACO,200,500,20,3,11.701349,0.047,4.6,SI,barrido
PSO,200,500,20,3,91.647740,0.019,5.7,SI,barrido
ACO,200,500,100,1,11.596247,0.203,4.6,SI,barrido
PSO,200,500,100,1,86.843854,0.096,5.7,SI,barrido
ACO,200,500,100,2,11.737726,0.208,4.6,SI,barrido
PSO,200,500,100,2,79.724985,0.095,5.7,SI,barrido
ACO,200,500,100,3,11.673203,0.214,4.6,SI,barrido
PSO,200,500,100,3,88.447712,0.095,5.7,SI,barrido
ACO,200,2048,5,1,11.575361,0.038,4.6,SI,barrido
PSO,200,2048,5,1,88.979416,0.015,9.2,SI,barrido
ACO,200,2048,5,2,11.833274,0.038,4.6,SI,barrido
PSO,200,2048,5,2,90.949107,0.014,9.2,SI,barrido
ACO,200,2048,5,3,11.727629,0.038,4.6,SI,barrido
PSO,200,2048,5,3,90.853570,0.017,9.2,SI,barrido
ACO,200,2048,20,1,11.505476,0.142,4.6,SI,barrido
PSO,200,2048,20,1,85.512028,0.058,9.3,SI,barrido
ACO,200,2048,20,2,11.617522,0.133,4.6,SI,barrido
PSO,200,2048,20,2,88.724806,0.059,9.2,SI,barrido
ACO,200,2048,20,3,11.454448,0.156,4.6,SI,barrido
PSO,200,2048,20,3,89.687133,0.059,9.2,SI,barrido
ACO,200,2048,100,1,11.315417,0.657,4.6,SI,barrido
PSO,200,2048,100,1,77.327550,0.302,9.2,SI,barrido
ACO,200,2048,100,2,11.628289,0.699,4.6,SI,barrido
PSO,200,2048,100,2,85.386548,0.343,9.2,SI,barrido
ACO,200,2048,100,3,11.326101,0.645,4.6,SI,barrido
PSO,200,2048,100,3,85.219993,0.300,9.2,SI,barrido
ACO,2000,50,5,1,39.252598,0.027,5.6,SI,barrido
PSO,2000,50,5,1,1021.777709,0.013,5.9,SI,barrido
ACO,2000,50,5,2,39.700528,0.029,5.6,SI,barrido
PSO,2000,50,5,2,1000.913800,0.012,6.0,SI,barrido
ACO,2000,50,5,3,39.663566,0.026,5.6,SI,barrido
PSO,2000,50,5,3,1020.823061,0.012,5.9,SI,barrido
ACO,2000,50,20,1,38.645756,0.056,5.6,SI,barrido
PSO,2000,50,20,1,1017.892576,0.028,6.0,SI,barrido
ACO,2000,50,20,2,38.715745,0.058,5.6,SI,barrido
PSO,2000,50,20,2,1000.913800,0.027,6.0,SI,barrido
ACO,2000,50,20,3,38.646610,0.055,5.6,SI,barrido
PSO,2000,50,20,3,1011.172806,0.028,5.9,SI,barrido
ACO,2000,50,100,1,38.056299,0.272,5.6,SI,barrido
PSO,2000,50,100,1,1014.187850,0.125,6.0,SI,barrido
ACO,2000,50,100,2,38.017492,0.256,5.6,SI,barrido
PSO,2000,50,100,2,997.740573,0.123,6.0,SI,barrido
ACO,2000,50,100,3,37.990640,0.255,5.6,SI,barrido
PSO,2000,50,100,3,1001.939080,0.128,6.0,SI,barrido
ACO,2000,500,5,1,38.895930,0.094,5.6,SI,barrido
PSO,2000,500,5,1,1016.130110,0.047,16.3,SI,barrido
ACO,2000,500,5,2,38.827239,0.094,5.6,SI,barrido
PSO,2000,500,5,2,1000.717113,0.048,16.3,SI,barrido
ACO,2000,500,5,3,38.955776,0.092,5.6,SI,barrido
PSO,2000,500,5,3,1007.860588,0.046,16.3,SI,barrido
ACO,2000,500,20,1,38.015219,0.358,5.6,SI,barrido
PSO,2000,500,20,1,1010.155036,0.184,16.3,SI,barrido
ACO,2000,500,20,2,38.135922,0.346,5.6,SI,barrido
PSO,2000,500,20,2,1000.717113,0.186,16.3,SI,barrido
ACO,2000,500,20,3,38.505184,0.349,5.6,SI,barrido
PSO,2000,500,20,3,1007.860588,0.177,16.3,SI,barrido
ACO,2000,500,100,1,38.147743,1.782,5.6,SI,barrido
PSO,2000,500,100,1,1008.585816,0.881,16.3,SI,barrido
ACO,2000,500,100,2,37.679956,1.691,5.6,SI,barrido
PSO,2000,500,100,2,997.435981,0.873,16.3,SI,barrido
ACO,2000,500,100,3,37.329654,1.673,5.6,SI,barrido
PSO,2000,500,100,3,1000.434555,0.875,16.3,SI,barrido
ACO,2000,2048,5,1,38.544706,0.348,5.6,SI,barrido
PSO,2000,2048,5,1,1016.511956,0.168,51.7,SI,barrido
ACO,2000,2048,5,2,38.741065,0.361,5.6,SI,barrido
PSO,2000,2048,5,2,1000.717113,0.169,51.7,SI,barrido
ACO,2000,2048,5,3,38.528251,0.347,5.6,SI,barrido
PSO,2000,2048,5,3,1006.543370,0.170,51.7,SI,barrido
ACO,2000,2048,20,1,37.819603,1.352,5.6,SI,barrido
PSO,2000,2048,20,1,1011.855336,0.687,51.7,SI,barrido
ACO,2000,2048,20,2,38.553914,1.365,5.6,SI,barrido
PSO,2000,2048,20,2,998.168602,0.699,51.7,SI,barrido
ACO,2000,2048,20,3,37.681909,1.365,5.6,SI,barrido
PSO,2000,2048,20,3,1006.543370,0.697,51.7,SI,barrido
ACO,2000,2048,100,1,37.233461,6.671,5.6,SI,barrido
PSO,2000,2048,100,1,1005.131767,3.507,51.7,SI,barrido
ACO,2000,2048,100,2,37.462150,6.673,5.6,SI,barrido
PSO,2000,2048,100,2,997.178831,3.467,51.7,SI,barrido
ACO,2000,2048,100,3,37.658974,6.719,5.6,SI,barrido
PSO,2000,2048,100,3,1000.627419,3.609,51.7,SI,barrido
ACO,20000,50,5,1,123.902454,0.170,14.3,SI,barrido
PSO,20000,50,5,1,10375.320626,0.109,19.2,SI,barrido
ACO,20000,50,5,2,124.024316,0.170,14.3,SI,barrido
PSO,20000,50,5,2,10299.626739,0.126,19.2,SI,barrido
ACO,20000,50,5,3,123.755073,0.176,14.3,SI,barrido
PSO,20000,50,5,3,10306.034683,0.114,19.2,SI,barrido
ACO,20000,50,20,1,122.076815,0.475,14.3,SI,barrido
PSO,20000,50,20,1,10369.496396,0.293,19.2,SI,barrido
ACO,20000,50,20,2,122.854982,0.474,14.3,SI,barrido
PSO,20000,50,20,2,10293.047513,0.293,19.3,SI,barrido
ACO,20000,50,20,3,122.622441,0.468,14.3,SI,barrido
PSO,20000,50,20,3,10304.848181,0.292,19.2,SI,barrido
ACO,20000,50,100,1,121.072503,2.215,14.3,SI,barrido
PSO,20000,50,100,1,10322.985656,1.580,19.2,SI,barrido
ACO,20000,50,100,2,122.303655,2.262,14.3,SI,barrido
PSO,20000,50,100,2,10282.309451,1.230,19.2,SI,barrido
ACO,20000,50,100,3,121.613899,2.204,14.3,SI,barrido
PSO,20000,50,100,3,10296.248688,1.292,19.2,SI,barrido
ACO,20000,500,5,1,122.958929,1.092,14.3,SI,barrido
PSO,20000,500,5,1,10351.417637,0.564,122.2,SI,barrido
ACO,20000,500,5,2,123.999107,0.974,14.3,SI,barrido
PSO,20000,500,5,2,10299.042102,0.561,122.2,SI,barrido
ACO,20000,500,5,3,123.199338,0.977,14.3,SI,barrido
PSO,20000,500,5,3,10296.778593,0.554,122.2,SI,barrido
ACO,20000,500,20,1,122.008822,3.698,14.3,SI,barrido
PSO,20000,500,20,1,10347.576379,2.119,122.2,SI,barrido
ACO,20000,500,20,2,122.710688,3.620,14.3,SI,barrido
PSO,20000,500,20,2,10274.137647,2.113,122.2,SI,barrido
ACO,20000,500,20,3,121.509204,3.728,14.3,SI,barrido
PSO,20000,500,20,3,10296.778593,2.491,122.3,SI,barrido
ACO,20000,500,100,1,120.983735,19.610,14.3,SI,barrido
PSO,20000,500,100,1,10332.634423,11.537,122.2,SI,barrido
ACO,20000,500,100,2,121.502308,19.590,14.3,SI,barrido
PSO,20000,500,100,2,10274.137647,10.775,122.2,SI,barrido
ACO,20000,500,100,3,121.205729,17.699,14.3,SI,barrido
PSO,20000,500,100,3,10287.392287,10.582,122.2,SI,barrido
ACO,20000,2048,5,1,123.116073,3.712,14.3,SI,barrido
PSO,20000,2048,5,1,10352.546273,2.220,476.6,SI,barrido
ACO,20000,2048,5,2,123.725987,3.773,14.3,SI,barrido
PSO,20000,2048,5,2,10281.612716,2.113,476.6,SI,barrido
ACO,20000,2048,5,3,123.297126,3.877,14.3,SI,barrido
PSO,20000,2048,5,3,10276.728612,2.137,476.6,SI,barrido
ACO,20000,2048,20,1,121.583166,14.287,14.3,SI,barrido
PSO,20000,2048,20,1,10323.080497,8.410,476.6,SI,barrido
ACO,20000,2048,20,2,122.278068,14.265,14.3,SI,barrido
PSO,20000,2048,20,2,10264.108289,8.388,476.6,SI,barrido
ACO,20000,2048,20,3,121.563803,15.165,14.3,SI,barrido
PSO,20000,2048,20,3,10276.728612,8.877,476.6,SI,barrido
ACO,20000,2048,100,1,120.954607,73.600,14.3,SI,barrido
PSO,20000,2048,100,1,10323.080497,42.515,476.6,SI,barrido
ACO,20000,2048,100,2,121.691247,67.972,14.3,SI,barrido
PSO,20000,2048,100,2,10251.113135,42.784,476.6,SI,barrido
ACO,20000,2048,100,3,120.840670,71.887,14.3,SI,barrido
PSO,20000,2048,100,3,10249.221560,41.842,476.6,SI,barrido
ACO,200000,2048,5,1,389.599151,43.620,102.4,SI,barrido
PSO,200000,2048,5,1,103801.338260,26.827,4726.0,SI,barrido
ACO,200000,2048,5,2,389.967487,45.058,102.4,SI,barrido
PSO,200000,2048,5,2,103754.116489,26.827,4726.0,SI,barrido
ACO,200000,2048,5,3,390.610730,47.182,102.4,SI,barrido
PSO,200000,2048,5,3,103854.027874,28.247,4726.4,SI,barrido
ACO,200000,2048,20,1,385.912350,186.454,102.8,SI,barrido
PSO,200000,2048,20,1,103773.589758,114.835,4726.0,SI,barrido
ACO,200000,2048,20,2,386.444389,172.088,102.4,SI,barrido
PSO,200000,2048,20,2,103736.048965,105.244,4726.0,SI,barrido
ACO,200000,2048,20,3,385.825766,172.417,102.4,SI,barrido
PSO,200000,2048,20,3,103854.027874,104.726,4726.0,SI,barrido
ACO,200000,2048,108,1,385.479440,961.698,102.8,SI,"ronda2 resultados/tours_igualdad_m/log_aco_n200000_seed1.txt (instancia interna, sin --input)"
PSO,200000,2048,108,1,103706.095292,610.081,4724.7,SI,"ronda2 resultados/tours_igualdad_m/log_pso_n200000_seed1.txt (instancia interna, sin --input)"
