algoritmo,n,agentes,iteraciones,L,L_sd,t,t_sd,mem,mem_sd,rel,rel_sd,ns,evals
ACO,20,50,5,4.555952333333333,0.37776126878801836,0.005,0.0,4.5,0.0,1.0044692208769936,0.00402186321607931,3,250
ACO,20,50,20,4.562994666666667,0.34823398470760053,0.012666666666666666,0.0011547005383792516,4.5,0.0,1.006395034406128,0.004567592941602025,3,1000
ACO,20,50,100,4.549133,0.3722128586937859,0.05633333333333334,0.0011547005383792531,4.5,0.0,1.0030304215409034,0.004180595856160116,3,5000
ACO,20,500,5,4.534758,0.35933474638142077,0.006000000000000001,0.0,4.5,0.0,1.0000003339069485,1.2169691214648687e-06,3,2500
ACO,20,500,20,4.534758,0.35933474638142077,0.017,0.0009999999999999987,4.5,0.0,1.0000003339069485,1.2169691214648687e-06,3,10000
ACO,20,500,100,4.534758,0.35933474638142077,0.08233333333333333,0.0032145502536643153,4.5,0.0,1.0000003339069485,1.2169691214648687e-06,3,50000
ACO,20,2048,5,4.534758,0.35933474638142077,0.010666666666666666,0.0015275252316519473,4.566666666666666,0.05773502691896237,1.0000003339069485,1.2169691214648687e-06,3,10240
ACO,20,2048,20,4.534758,0.35933474638142077,0.034,0.0,4.533333333333333,0.05773502691896237,1.0000003339069485,1.2169691214648687e-06,3,40960
ACO,20,2048,100,4.534758,0.35933474638142077,0.17033333333333334,0.0064291005073286375,4.5,0.0,1.0000003339069485,1.2169691214648687e-06,3,204800
ACO,200,50,5,12.087417333333335,0.10499329822580701,0.012333333333333333,0.000577350269189625,4.633333333333333,0.05773502691896327,1.058683227589653,0.022374811946169047,3,250
ACO,200,50,20,12.089775333333334,0.15625338112928377,0.015666666666666666,0.0005773502691896266,4.6,0.0,1.058840207161314,0.021219240997743357,3,1000
ACO,200,50,100,11.907214333333334,0.12318994636468251,0.07133333333333332,0.0005773502691896273,4.6,0.0,1.0427641706708286,0.00987511003633355,3,5000
ACO,200,500,5,11.782967,0.23109212047796085,0.013,0.0009999999999999992,4.6,0.0,1.0318474009201457,0.016829041946763063,3,2500
ACO,200,500,20,11.713617666666666,0.10993862793546844,0.045000000000000005,0.0017320508075688787,4.633333333333333,0.05773502691896327,1.0258041785265355,0.007459734608685494,3,10000
ACO,200,500,100,11.669058666666666,0.07083049120494199,0.20833333333333334,0.0055075705472860835,4.6,0.0,1.0219371134838207,0.010451925858001731,3,50000
ACO,200,2048,5,11.712088,0.1296569354219055,0.038,0.0,4.6,0.0,1.0256651247156825,0.008756349034812457,3,10240
ACO,200,2048,20,11.525815333333332,0.08341791611718244,0.14366666666666666,0.01159022576714247,4.6,0.0,1.0093761437534645,0.008567335506340125,3,40960
ACO,200,2048,100,11.423269,0.17763287213801449,0.6669999999999999,0.0283548937575156,4.6,0.0,1.000308929907772,0.0005350822962388326,3,204800
ACO,2000,50,5,39.53889733333333,0.2486303049938482,0.027333333333333334,0.0015275252316519483,5.599999999999999,0.0,1.0588337158816925,0.004221595650105431,3,250
ACO,2000,50,20,38.66937033333333,0.04016390930092766,0.05633333333333334,0.0015275252316519473,5.599999999999999,0.0,1.0355576201087249,0.0022468986200905256,3,1000
ACO,2000,50,100,38.021477,0.033010395923104,0.261,0.009539392014169465,5.599999999999999,0.0,1.0182100775088732,0.0036636956453618215,3,5000
ACO,2000,500,5,38.892981666666664,0.06431920082163288,0.09333333333333334,0.0011547005383792546,5.599999999999999,0.0,1.041550049927998,0.004459516600455563,3,2500
ACO,2000,500,20,38.218775,0.25527414677753846,0.351,0.006244997998398403,5.599999999999999,0.0,1.0234906783472277,0.007089719355927463,3,10000
ACO,2000,500,100,37.71911766666667,0.41044808451536585,1.7153333333333334,0.058432297005451744,5.599999999999999,0.0,1.0101231380351112,0.012832305450838605,3,50000
ACO,2000,2048,5,38.604673999999996,0.11840426688679784,0.35200000000000004,0.007810249675906661,5.599999999999999,0.0,1.0338213810022214,0.0015783333035665082,3,10240
ACO,2000,2048,20,38.018475333333335,0.46878655455370405,1.3606666666666667,0.007505553499465078,5.599999999999999,0.0,1.0181072662889508,0.010063996804190557,3,40960
ACO,2000,2048,100,37.451528333333336,0.2129552608984654,6.687666666666668,0.027153882472555017,5.599999999999999,0.0,1.0029406469541169,0.005093349931652954,3,204800
ACO,20000,50,5,123.89394766666668,0.13482290807697822,0.17200000000000001,0.0034641016151377374,14.300000000000002,0.0,1.0230820403060397,0.002017647861686392,3,250
ACO,20000,50,20,122.51807933333333,0.39944272189430813,0.4723333333333333,0.003785938897200154,14.300000000000002,0.0,1.0117185435056828,0.0027800882518818526,3,1000
ACO,20000,50,100,121.66335233333332,0.6170640452249171,2.227,0.030805843601498732,14.300000000000002,0.0,1.00465626136093,0.0031898292239752692,3,5000
ACO,20000,500,5,123.38579133333333,0.5445789217866698,1.0143333333333333,0.06727803009403094,14.300000000000002,0.0,1.0188796942418736,0.0020648368290685473,3,2500
ACO,20000,500,20,122.07623799999999,0.603572396946718,3.682,0.05574943945906545,14.300000000000002,0.0,1.008064491708323,0.0022774350010741585,3,10000
ACO,20000,500,100,121.23059066666667,0.26017891139432137,18.966333333333335,1.0975884170914583,14.300000000000002,0.0,1.0010872707065797,0.0016789770922091113,3,50000
ACO,20000,2048,5,123.37972866666667,0.31323501122054304,3.787333333333333,0.08342861219829387,14.300000000000002,0.0,1.0188332177310735,0.0013124218426486848,3,10240
ACO,20000,2048,20,121.80834566666665,0.4069066653009439,14.572333333333333,0.513382248751681,14.300000000000002,0.0,1.0058551907675204,0.0006044541933886965,3,40960
ACO,20000,2048,100,121.16217466666667,0.4617180529460968,71.153,2.8849025980091625,14.300000000000002,0.0,1.0005183413196288,0.0008977935012594146,3,204800
ACO,200000,2048,5,390.0591226666667,0.5119773821804282,45.28666666666667,1.7919758182892251,102.40000000000002,0.0,1.0118804849012613,0.0013281574295646052,3,10240
ACO,200000,2048,20,386.060835,0.33497679091393573,176.98633333333336,8.200889850091485,102.53333333333335,0.23094010767584025,1.001508238675453,0.0008689874378616005,3,40960
ACO,200000,2048,108,385.47944,0.0,961.698,0.0,102.8,0.0,1.0,0.0,1,221184
PSO,20,50,5,8.512445666666666,0.5186627235355679,0.0023333333333333335,0.0005773502691896257,4.5,0.0,1.8830381920253079,0.15053075571962501,3,250
PSO,20,50,20,7.883959666666667,0.0870208969290328,0.006333333333333333,0.0005773502691896261,4.5,0.0,1.7452613329534348,0.12704130847185904,3,1000
PSO,20,50,100,5.987163,0.5964798502204413,0.024999999999999998,0.001,4.5,0.0,1.3203910302630772,0.07873052214245906,3,5000
PSO,20,500,5,6.615541,0.15416876999249937,0.0030000000000000005,0.0,4.6,0.0,1.4656068689149742,0.13177601453637414,3,2500
PSO,20,500,20,5.447578,0.159968403852136,0.008333333333333333,0.000577350269189625,4.6,0.0,1.2046991937274238,0.06509017120482004,3,10000
PSO,20,500,100,4.82235,0.5797125193611052,0.03233333333333333,0.001527525231651949,4.6,0.0,1.0610800811849963,0.047986495962556386,3,50000
PSO,20,2048,5,6.99259,0.3717244736373972,0.005,0.0017320508075688772,5.0,0.0,1.5481199790036104,0.13935812850070775,3,10240
PSO,20,2048,20,5.401260333333333,1.0020353545386178,0.014333333333333332,0.0015275252316519473,5.0,0.0,1.18523177233555,0.1433142617691394,3,40960
PSO,20,2048,100,4.767810333333333,0.5750623774968533,0.067,0.003999999999999995,5.0,0.0,1.0496044890975873,0.060594366451498884,3,204800
PSO,200,50,5,93.351658,1.6403528922875097,0.005,0.0,4.6,0.0,8.175511191100865,0.16603330859645649,3,250
PSO,200,50,20,91.77930900000001,0.5271722451808348,0.008,0.0,4.6,0.0,8.037882529018523,0.10153837451161503,3,1000
PSO,200,50,100,87.76679566666667,1.508477309143674,0.030666666666666665,0.0005773502691896258,4.633333333333333,0.05773502691896288,7.686236418875097,0.14048032728264362,3,5000
PSO,200,500,5,91.93411066666665,1.886789224211955,0.006000000000000001,0.0,5.7,0.0,8.051829084732017,0.21271839145448337,3,2500
PSO,200,500,20,89.90160033333332,1.5448375914607755,0.019,0.0,5.7,0.0,7.874549746706474,0.2285528338791756,3,10000
PSO,200,500,100,85.005517,4.642855131630639,0.09533333333333334,0.0005773502691896273,5.7,0.0,7.44883223688765,0.5122230370507215,3,50000
PSO,200,2048,5,90.26069766666667,1.1106501976744736,0.015333333333333332,0.001527525231651948,9.2,0.0,7.904593835098356,0.10283425251298181,3,10240
PSO,200,2048,20,87.97465566666666,2.1863027197088605,0.058666666666666666,0.0005773502691896243,9.233333333333333,0.05773502691896327,7.704301190078699,0.189873054203022,3,40960
PSO,200,2048,100,82.64469700000001,4.6055373526563645,0.315,0.024269322199023217,9.2,0.0,7.235947462275717,0.3590024287278256,3,204800
PSO,2000,50,5,1014.5048566666668,11.779874964887526,0.012333333333333333,0.0005773502691896258,5.933333333333334,0.05773502691896237,27.168876822114232,0.3934258863792383,3,250
PSO,2000,50,20,1009.9930606666667,8.550646636552392,0.02766666666666667,0.0005773502691896266,5.966666666666666,0.05773502691896237,27.04792360461774,0.31195907620173274,3,1000
PSO,2000,50,100,1004.6225009999999,8.545688467064142,0.12533333333333332,0.002516611478423589,6.0,0.0,26.90406989931478,0.3076556097143113,3,5000
PSO,2000,500,5,1008.235937,7.713351041172201,0.04700000000000001,0.0010000000000000009,16.3,0.0,27.000818705960352,0.2890176580657759,3,2500
PSO,2000,500,20,1006.2442456666668,4.922196617606427,0.18233333333333332,0.004725815626252608,16.3,0.0,26.947326731810183,0.2135039373307975,3,10000
PSO,2000,500,100,1002.1521173333334,5.7699411096188955,0.8763333333333333,0.004163331998932265,16.3,0.0,26.837772770602086,0.23379535514111927,3,50000
PSO,2000,2048,5,1007.9241463333334,7.987438501214389,0.169,0.0010000000000000009,51.70000000000001,0.0,26.992475156019832,0.2951988364316788,3,10240
PSO,2000,2048,20,1005.5224359999999,6.900246486246391,0.6943333333333334,0.006429100507328542,51.70000000000001,0.0,26.928110349626994,0.2673987632402239,3,40960
PSO,2000,2048,100,1000.979339,3.9881303288413608,3.5276666666666667,0.07322112627741617,51.70000000000001,0.0,26.806284407658136,0.18854593642239384,3,204800
PSO,20000,50,5,10326.994015999999,41.974532304076,0.11633333333333333,0.008736894948054108,19.2,0.0,85.27791818650314,0.5048757598560851,3,250
PSO,20000,50,20,10322.464030000001,41.156366821915434,0.29266666666666663,0.0005773502691896183,19.233333333333334,0.05773502691896366,85.24054488422941,0.5087683630300243,3,1000
PSO,20000,50,100,10300.514598333333,20.670919344082137,1.3673333333333335,0.18676545005255482,19.2,0.0,85.05918759539435,0.38131251213050465,3,5000
PSO,20000,500,5,10315.746110666667,30.91317213520046,0.5596666666666666,0.0051316014394468265,122.2,0.0,85.18490861668484,0.408978563077331,3,2500
PSO,20000,500,20,10306.164206333333,37.60823237901714,2.241,0.216527134558235,122.23333333333333,0.05773502691895929,85.10599898586257,0.5030848695611363,3,10000
PSO,20000,500,100,10298.054785666667,30.671401320465254,10.964666666666668,0.5049617147203673,122.2,0.0,85.03892943895663,0.4406745068558421,3,50000
PSO,20000,2048,5,10303.629200333335,42.43375562777393,2.1566666666666667,0.05614564393907461,476.6000000000001,0.0,85.08489570205653,0.4861273632256276,3,10240
PSO,20000,2048,20,10287.972466000001,31.052351258460064,8.558333333333334,0.2761925656735413,476.6000000000001,0.0,84.95567009494532,0.44165793561123146,3,40960
PSO,20000,2048,100,10274.471730666666,42.10704973435831,42.38033333333333,0.48522400325348103,476.6000000000001,0.0,84.84414185645211,0.4891246729580117,3,204800
PSO,200000,2048,5,103803.16087433333,49.98062279935396,27.300333333333338,0.8198373822492675,4726.133333333333,0.23094010767564027,269.28326157766895,0.12965833612125133,3,10240
PSO,200000,2048,20,103787.88886566665,60.27523622728792,108.26833333333333,5.692794949173328,4726.0,0.0,269.2436433592066,0.15636433483270656,3,40960
PSO,200000,2048,108,103706.095292,0.0,610.081,0.0,4724.7,0.0,269.0314567542175,0.0,1,221184
